CASE_ID,ACCIDENT_YEAR,PROC_DATE,JURIS,COLLISION_DATE,COLLISION_TIME,OFFICER_ID,REPORTING_DISTRICT,DAY_OF_WEEK,CHP_SHIFT,POPULATION,CNTY_CITY_LOC,SPECIAL_COND,BEAT_TYPE,CHP_BEAT_TYPE,CITY_DIVISION_LAPD,CHP_BEAT_CLASS,BEAT_NUMBER,PRIMARY_RD,SECONDARY_RD,DISTANCE,DIRECTION,INTERSECTION,WEATHER_1,WEATHER_2,STATE_HWY_IND,CALTRANS_COUNTY,CALTRANS_DISTRICT,STATE_ROUTE,ROUTE_SUFFIX,POSTMILE_PREFIX,POSTMILE,LOCATION_TYPE,RAMP_INTERSECTION,SIDE_OF_HWY,TOW_AWAY,COLLISION_SEVERITY,NUMBER_KILLED,NUMBER_INJURED,PARTY_COUNT,PRIMARY_COLL_FACTOR,PCF_CODE_OF_VIOL,PCF_VIOL_CATEGORY,PCF_VIOLATION,PCF_VIOL_SUBSECTION,HIT_AND_RUN,TYPE_OF_COLLISION,MVIW,PED_ACTION,ROAD_SURFACE,ROAD_COND_1,ROAD_COND_2,LIGHTING,CONTROL_DEVICE,CHP_ROAD_TYPE,PEDESTRIAN_ACCIDENT,BICYCLE_ACCIDENT,MOTORCYCLE_ACCIDENT,TRUCK_ACCIDENT,NOT_PRIVATE_PROPERTY,ALCOHOL_INVOLVED,STWD_VEHTYPE_AT_FAULT,CHP_VEHTYPE_AT_FAULT,COUNT_SEVERE_INJ,COUNT_VISIBLE_INJ,COUNT_COMPLAINT_PAIN,COUNT_PED_KILLED,COUNT_PED_INJURED,COUNT_BICYCLIST_KILLED,COUNT_BICYCLIST_INJURED,COUNT_MC_KILLED,COUNT_MC_INJURED,PRIMARY_RAMP,SECONDARY_RAMP,LATITUDE,LONGITUDE,COUNTY,CITY,POINT_X,POINT_Y
91567743,2021,2021-09-10,9825,2021-09-05,1420,020736,,7,2,9,1400,0,1,2,,1,007,US-395,"GILL STATION COSO ROAD",0.00,,Y,A,-,Y,,,395,,,,,,,Y,4,0,1,2,A,-,09,21802,A,N,D,C,A,A,H,-,A,A,0,,,,Y,Y,,A,01,0,0,1,0,0,0,0,0,0,"- ","- ",36.045829772949219,-117.94721984863281,INYO,UNINCORPORATED,-117.94719696044922,36.04583740234375
91568493,2021,2021-09-13,9825,2021-09-03,1528,020736,,5,2,9,1400,0,1,2,,1,007,"US-395 S/B","HAIWEE CANYON RD",6336.00,N,N,A,-,Y,,,395,,,,,,S,Y,4,0,1,2,A,-,07,21658,A,N,C,C,A,A,H,-,A,A,0,,,,,Y,,A,01,0,0,1,0,0,0,0,0,0,"- ","- ",36.170768737792969,-117.97811126708984,INYO,UNINCORPORATED,-117.97808837890625,36.170772552490234
91571927,2021,2021-09-16,9825,2021-09-09,1830,017072,,4,2,9,1400,0,1,3,,2,017,SR-190,"MESQUITE DUNES PARKING LOT ENTRANCE",4752.00,E,N,B,-,Y,,,,,,,,,,Y,2,0,1,1,A,-,08,22107,,N,F,A,A,A,H,-,A,D,0,,,Y,,Y,,C,02,1,0,0,0,0,0,0,0,1,"- ","- ",36.360099792480469,-117.06004333496094,INYO,UNINCORPORATED,,
91573088,2021,2021-09-17,9825,2021-09-14,1624,020118,,2,2,9,1400,0,1,2,,1,006,"US-395 N/B","COTTONWOOD CHARCOAL KILNS",528.00,S,N,A,-,Y,,,395,,,,,,N,Y,3,0,1,1,C,-,18,,,N,E,I,A,A,H,-,A,D,0,,,,,Y,,-,"- ",0,1,0,0,0,0,0,0,0,"- ","- ",36.416618347167969,-118.02861022949219,INYO,UNINCORPORATED,-118.02862548828125,36.416618347167969
91592907,2021,2021-10-11,9825,2021-10-03,0600,017035,,7,1,9,1400,0,3,5,,2,040,"BROCKMAN LANE","DIXON LANE",1056.00,S,N,A,-,N,,,,,,,,,,N,3,0,1,1,A,-,03,22350,,N,F,A,A,A,H,-,A,D,0,,Y,,,Y,,L,04,0,1,0,0,0,0,1,0,0,"- ","- ",37.387290954589844,-118.43193054199219,INYO,UNINCORPORATED,-118.43191528320312,37.387523651123047
91594989,2021,2021-10-13,9825,2021-10-09,2110,020530,,6,2,9,1400,0,1,2,,2,002,"US-395 S/B","SEE VEE LN.",600.00,S,N,A,-,Y,,,395,,,,,,S,N,2,0,1,2,A,-,11,21954,A,F,G,B,D,A,H,-,D,D,0,Y,,,,Y,Y,N,60,1,0,0,0,1,0,0,0,0,"- ","- ",37.375900268554688,-118.41172027587891,INYO,UNINCORPORATED,-118.41172027587891,37.375820159912109
91597572,2021,2021-10-15,9825,2021-10-05,1405,017565,,2,2,9,1400,0,1,2,,2,001,"US 395 N/OF BROCKMAN LANE","BROCKMAN LANE",2640.00,N,N,A,-,Y,,,,,,,,,,Y,2,0,3,3,A,-,08,22100,B,N,D,C,A,A,H,-,A,D,0,,,,,Y,,A,01,1,0,2,0,0,0,0,0,0,"- ","- ",37.375911712646484,-118.44184112548828,INYO,UNINCORPORATED,-118.43209838867188,37.375850677490234
91597578,2021,2021-10-15,9825,2021-10-07,1820,017941,,4,2,9,1400,0,2,4,,2,052,"OLD SPANISH TRAIL HWY","EMIGRANT PASS",2640.00,W,N,A,-,N,,,,,,,,,,Y,2,0,1,1,A,-,08,22107,,N,F,A,A,A,H,-,B,D,0,,,Y,,Y,,C,02,1,0,0,0,0,0,0,0,1,"- ","- ",35.886600494384766,-116.06858825683594,INYO,UNINCORPORATED,,
91597583,2021,2021-10-15,9825,2021-10-07,1830,017941,,4,2,9,1400,0,2,4,,2,052,"OLD SPANISH TRAIL HWY","FURNACE CREEK WASH RD",118.00,W,N,A,-,N,,,,,,,,,,N,2,0,1,1,A,-,08,22107,,N,F,A,A,A,H,-,B,D,0,,,Y,,Y,,C,02,1,0,0,0,0,0,0,0,1,"- ","- ",36.032150268554688,-116.19335174560547,INYO,UNINCORPORATED,-116.2059326171875,35.848762512207031
91597606,2021,2021-10-15,9825,2021-10-09,1045,020736,,6,1,9,1400,0,1,3,,2,016,SR-190,"PANAMINT VALLEY ROAD",22704.00,E,N,A,-,Y,,,190,,,,,,,Y,3,0,1,1,A,-,08,22107,,N,E,8,A,A,H,-,A,A,0,,,,,Y,,A,01,0,1,0,0,0,0,0,0,0,"- ","- ",36.344539642333984,-117.34577178955078,INYO,UNINCORPORATED,-117.34598541259766,36.345371246337891
91598096,2021,2021-10-15,9825,2021-10-13,0736,015522,,3,1,9,1400,0,1,3,,1,011,SR-168,"SEE VEE LANE",0.00,,Y,A,-,Y,,,,,,,,,,Y,3,0,3,2,A,-,12,21453,A,N,D,C,A,A,H,-,A,A,0,,,,,Y,,A,07,0,2,1,0,0,0,0,0,0,"- ","- ",37.3631591796875,-118.41378784179688,INYO,UNINCORPORATED,-118.41379547119141,37.361320495605469
91600753,2021,2021-10-19,9825,2021-10-17,1012,018685,,7,1,9,1400,0,1,3,,2,017,SR-190,"MOSAIC CANYON RD",4752.00,W,N,A,-,Y,,,190,,,,,,,Y,2,0,2,2,A,-,03,22350,,N,C,C,A,A,H,-,A,D,0,,,Y,,Y,,C,02,1,1,0,0,0,0,0,0,2,"- ","- ",36.595279693603516,-117.16013336181641,INYO,UNINCORPORATED,-117.16009521484375,36.595241546630859
91606581,2021,2021-10-26,9825,2021-10-25,1030,020118,,1,1,9,1400,0,1,3,,2,016,SR-190,"PANAMINT VALLEY ROAD",2112.00,W,N,F,G,Y,,,190,,,,,,,Y,4,0,1,2,A,-,03,22350,,N,C,C,A,A,H,-,A,D,0,,,Y,,Y,,A,07,0,0,1,0,0,0,0,0,1,"- ","- ",36.338848114013672,-117.43173217773438,INYO,UNINCORPORATED,-117.43173217773438,36.338916778564453
91608792,2021,2021-10-28,9825,2021-10-20,1545,018441,,3,2,9,1400,0,1,2,,2,002,US-395,"SEE VEE LANE",45.00,E,N,A,-,Y,,,395,,,,,,,Y,4,0,1,2,A,-,03,22350,,N,C,C,A,A,H,-,A,A,0,,,,,Y,,D,22,0,0,1,0,0,0,0,0,0,"- ","- ",37.375888824462891,-118.41358947753906,INYO,UNINCORPORATED,-118.41358947753906,37.375919342041016
91610664,2021,2021-10-29,9825,2021-10-24,1921,020183,,7,2,9,1400,0,1,3,,1,013,SR-168,"SHEPARD LN",0.00,,Y,B,-,N,,,168,,,,,,,Y,2,0,2,2,A,-,05,21460,A,N,A,C,A,A,H,-,D,D,0,,,,,Y,,A,01,2,0,0,0,0,0,0,0,0,"- ","- ",37.361171722412109,-118.44925689697266,INYO,UNINCORPORATED,-118.44925689697266,37.361240386962891
91611130,2021,2021-10-29,9825,2021-10-20,1305,016119,,3,1,9,1400,0,1,2,,1,003,"US 395","COLLINS ROAD",0.00,,Y,A,-,Y,,,,,,,,,,N,4,0,2,2,A,-,09,21802,A,N,D,C,A,A,H,-,A,A,0,,,,,Y,Y,B,07,0,0,2,0,0,0,0,0,0,"- ","- ",37.282051086425781,-118.37294006347656,INYO,UNINCORPORATED,-118.37281036376953,37.281814575195312
91612740,2021,2021-11-01,9825,2021-10-24,1325,021400,,7,1,9,1400,0,3,5,,2,040,"SOUTH LAKE RD","SR 168W",80.00,S,N,B,-,Y,,,,,,,,,,Y,3,0,2,1,A,-,08,22107,,N,F,A,A,A,H,-,A,D,0,,,,,Y,,A,01,0,2,0,0,0,0,0,0,0,"- ","- ",37.256179809570312,-118.57980346679688,INYO,UNINCORPORATED,-118.57977294921875,37.256206512451172
91617285,2021,2021-11-05,9825,2021-11-03,1335,020118,,3,1,9,1400,0,3,5,,2,060,"NINE MILE CANYON ROAD","US-395 SOUTHBOUND",49632.00,W,N,A,-,N,,,,,,,,,,Y,2,0,1,1,A,-,08,22107,,N,E,I,A,A,H,-,A,D,0,,,Y,,Y,,C,02,1,0,0,0,0,0,0,0,1,"- ","- ",35.856910705566406,-118.00138092041016,INYO,UNINCORPORATED,-118.00035095214844,35.855808258056641
91622000,2021,2021-11-10,9825,2021-11-06,0510,020736,,6,3,9,1400,0,1,2,,1,007,US-395,"NORTH HAIWEE ROAD",1310.00,S,N,A,-,Y,,,395,,,,,,,Y,3,0,1,1,A,-,08,22107,,N,E,8,A,A,H,-,D,A,0,,,,,Y,,A,01,0,1,0,0,0,0,0,0,0,"- ","- ",36.228500366210938,-117.98027038574219,INYO,UNINCORPORATED,-117.98035430908203,36.228477478027344
91623241,2021,2021-11-12,9825,2021-11-04,2005,017941,,4,2,9,1400,0,1,3,,2,017,"STATE ROUTE 190","WILDROSE CANYON ROAD",31680.00,W,N,A,-,Y,,,190,,,,,,,N,2,0,2,1,A,-,08,22107,,N,E,I,A,A,H,-,D,D,0,,,,,Y,,A,07,2,0,0,0,0,0,0,0,0,"- ","- ",36.419921875,-117.26941680908203,INYO,UNINCORPORATED,-117.26941680908203,36.419891357421875
91624261,2021,2021-11-15,9825,2021-11-05,0920,017057,,5,1,9,1400,0,1,2,,2,002,"US-395 S/B","BARLOW LANE",4.00,S,N,A,-,Y,,,395,,,,,,S,N,3,0,1,2,A,-,10,21950,A,N,G,B,B,A,H,-,A,A,0,Y,,,,Y,,A,01,0,1,0,0,1,0,0,0,0,"- ","- ",37.375801086425781,-118.42288970947266,INYO,UNINCORPORATED,-118.42288970947266,37.375782012939453
91626449,2021,2021-11-16,9825,2021-11-12,1440,020125,,5,2,9,1400,0,3,5,,2,040,"COUNTY RD.","KEOUGH HOT SPRINGS RD",13200.00,S,N,A,-,N,,,,,,,,,,Y,3,0,1,1,A,-,03,22350,,N,F,A,A,A,H,-,A,D,0,,,,,Y,,A,07,0,1,0,0,0,0,0,0,0,"- ","- ",37.205039978027344,-118.35076904296875,INYO,UNINCORPORATED,-118.35623931884766,37.222019195556641
91627394,2021,2021-11-17,9825,2021-11-15,1620,018685,,1,2,9,1400,0,1,3,,2,020,SR-178,"STEWART VALLEY RD",8976.00,W,N,A,-,Y,,,,,,,,,,Y,2,0,1,2,A,-,03,22350,,N,C,C,A,A,H,-,A,D,0,,,Y,,Y,,C,02,1,0,0,0,0,0,0,0,1,"- ","- ",,,INYO,UNINCORPORATED,,
91627428,2021,2021-11-17,9825,2021-11-07,1620,020736,,7,2,9,1400,0,1,2,,1,006,US-395,SR-190,160.00,S,N,A,-,Y,,,395,,,,,,,Y,2,0,1,1,A,-,01,23152,A,N,E,8,A,A,H,-,B,A,0,,,,Y,Y,Y,G,25,1,0,0,0,0,0,0,0,0,"- ","- ",36.281780242919922,-118.00575256347656,INYO,UNINCORPORATED,-118.00586700439453,36.281719207763672
91636500,2021,2021-11-29,9825,2021-11-21,1104,020118,,7,1,9,1400,0,1,2,,1,006,US-395,SR-190,0.00,,Y,A,-,Y,,,395,,,,,,,Y,2,0,2,2,A,-,01,23152,A,N,D,C,A,A,H,-,A,A,0,,,,,Y,Y,D,22,1,1,0,0,0,0,0,0,0,"- ","- ",36.282188415527344,-118.00611877441406,INYO,UNINCORPORATED,-118.00612640380859,36.282184600830078
91642020,2021,2021-12-03,9825,2021-11-26,1205,017941,,5,1,9,1400,0,1,3,,1,018,"STATE ROUTE 190","BLM ROAD AR441",2640.00,W,N,A,-,Y,,,190,,,,,,,Y,2,0,2,1,A,-,08,22107,,N,F,A,A,A,H,-,A,A,0,,,,,Y,,A,01,1,1,0,0,0,0,0,0,0,"- ","- ",36.367210388183594,-116.65733337402344,INYO,UNINCORPORATED,-116.65729522705078,36.36724853515625
91642374,2021,2021-12-06,9825,2021-10-22,2230,020736,,5,3,9,1400,0,2,4,,2,077,"PANAMINT VALLEY ROAD",SR-190,22176.00,S,N,A,-,N,,,,,,,,,,N,1,1,0,1,C,-,18,,,N,H,A,A,A,H,-,D,D,0,,,,,Y,Y,-,"- ",0,0,0,0,0,0,0,0,0,"- ","- ",36.293098449707031,-117.38359069824219,INYO,UNINCORPORATED,-117.38052368164062,36.289791107177734
91642435,2021,2021-12-03,9825,2021-11-24,1140,018925,,3,1,9,1400,0,1,2,,1,006,US-395,"CACTUS FLATS ROAD",4224.00,S,N,A,-,Y,,,395,,,,,,,Y,4,0,2,3,A,-,03,22350,,N,C,C,A,A,D,-,A,A,0,,,,Y,Y,,G,25,0,0,2,0,0,0,0,0,0,"- ","- ",36.244209289550781,-117.98780822753906,INYO,UNINCORPORATED,-117.98783111572266,36.24420166015625
91645613,2021,2021-12-07,9820,2021-12-04,1235,020934,,6,1,9,1400,0,3,5,,2,050,"ROCK CREEK RD","ROCK CREEK CAMPGROUND RD",6.00,W,N,A,-,N,,,,,,,,,,N,2,0,3,2,A,-,03,22350,,N,B,C,A,A,H,-,A,D,0,,,Y,,Y,,C,02,1,1,1,0,0,0,0,0,3,"- ","- ",37.568618774414062,-118.73542022705078,INYO,UNINCORPORATED,,
91646851,2021,2021-12-08,9825,2021-11-24,1735,022652,,3,2,9,1400,0,1,2,,1,006,US-395,"ASH CREEK RD",14256.00,S,N,A,-,Y,,,395,,,,,,,Y,2,0,1,2,A,-,06,21751,,N,A,C,A,A,H,-,B,D,0,,,,,Y,,D,22,1,0,0,0,0,0,0,0,0,"- ","- ",36.368549346923828,-118.02378082275391,INYO,UNINCORPORATED,-118.02378082275391,36.368549346923828
91647911,2021,2021-12-09,9825,2021-12-07,1425,020118,,2,2,9,1400,0,1,2,,1,006,US-395,"WHITNEY PORTAL ROAD",0.00,,Y,B,-,Y,,,395,,,,,,,N,4,0,1,2,A,-,12,21453,A,N,D,C,A,A,H,-,A,A,0,,,,,Y,,D,22,0,0,1,0,0,0,0,0,0,"- ","- ",36.604949951171875,-118.06308746337891,INYO,UNINCORPORATED,-118.06304931640625,36.604972839355469
91655371,2021,2021-12-17,9825,2021-12-12,1450,022616,Bisho,7,2,9,1400,0,2,4,,2,021,"N. BARLOW LN.",US-395,231.00,S,N,A,-,N,,,,,,,,,,Y,3,0,1,1,A,-,01,23152,F,N,E,I,A,A,H,-,A,D,0,,,,,Y,,D,22,0,1,0,0,0,0,0,0,0,"- ","- ",37.375530242919922,-118.42276000976562,INYO,UNINCORPORATED,-118.4229736328125,37.375186920166016
91656138,2021,2021-12-20,9825,2021-12-18,2100,017941,,6,2,9,1400,0,1,3,,2,020,"STATE ROUTE 127","THE NEVADA STATE LINE",13200.00,W,N,A,-,Y,,,,,,,,,,Y,3,0,1,1,A,-,08,22107,,N,E,A,A,A,H,-,D,D,0,,,,,Y,,A,01,0,1,0,0,0,0,0,0,0,"- ","- ",36.155910491943359,-116.15012359619141,INYO,UNINCORPORATED,,
91658813,2021,2021-12-22,9825,2021-12-19,1300,017941,,7,1,9,1400,0,1,3,,1,018,"STATE ROUTE 190","BLM ROAD AR441",3696.00,W,N,A,-,Y,,,190,,,,,,,Y,3,0,1,1,A,-,08,22107,,N,F,A,A,A,H,-,A,D,0,,,,,Y,,A,01,0,1,0,0,0,0,0,0,0,"- ","- ",36.367279052734375,-116.65746307373047,INYO,UNINCORPORATED,-116.65741729736328,36.367340087890625
91662177,2021,2021-12-27,9825,2021-12-16,0830,017057,,4,1,2,1401,0,1,2,,1,003,US-395,"WARM SPRINGS RD",5280.00,S,N,B,D,Y,,,,,,,,,,Y,3,0,1,1,A,-,03,22350,,N,F,A,A,C,H,-,A,D,0,,,,,Y,,A,01,0,1,0,0,0,0,0,0,0,"- ","- ",37.303230285644531,-118.37925720214844,INYO,BISHOP,-118.38414764404297,37.311763763427734
91662778,2021,2021-12-27,9825,2021-12-19,0550,022652,,7,3,9,1400,0,1,2,,1,006,"SB 395","ASH CREEK",2323.00,N,N,A,-,Y,,,,,,,,,,Y,3,0,3,1,A,-,08,22107,,N,F,I,A,A,H,-,B,D,0,,,,,Y,,A,07,0,3,0,0,0,0,0,0,0,"- ","- ",36.389430999755859,-118.02423095703125,INYO,UNINCORPORATED,,
91663260,2021,2021-12-28,9825,2021-12-19,0040,021400,,7,3,9,1400,0,3,5,,2,040,"TINEMAHA RD","BLACK ROCK SPRINGS RD",7392.00,S,N,A,-,N,,,,,,,,,,Y,4,0,1,1,A,-,03,22350,,N,E,I,A,A,A,-,D,D,0,,,,,Y,,A,01,0,0,1,0,0,0,0,0,0,"- ","- ",36.898109436035156,-118.25108337402344,INYO,UNINCORPORATED,-118.25059509277344,36.897201538085938
91663363,2021,2021-12-28,9825,2021-12-21,0740,017941,,2,1,9,1400,0,1,3,,1,018,"STATE ROUTE 190","COW CREEK RD",28512.00,W,N,A,-,Y,,,190,,,,,,,N,3,0,3,1,A,-,08,22107,,N,F,A,A,A,H,-,A,D,0,,,,,Y,,A,01,0,3,0,0,0,0,0,0,0,"- ","- ",36.570320129394531,-116.91239166259766,INYO,UNINCORPORATED,-116.91239929199219,36.570297241210938
91668446,2021,2022-01-03,9825,2021-12-29,1835,022616,,3,2,9,1400,0,1,2,,1,003,US-395,"SUNLAND RES RD.",845.00,N,N,D,-,Y,,,395,,,,,,,Y,3,0,1,1,A,-,03,22350,,N,F,I,A,C,G,-,D,D,0,,,,,Y,,A,07,0,1,0,0,0,0,0,0,0,"- ","- ",37.334609985351562,-118.39517974853516,INYO,UNINCORPORATED,-118.39509582519531,37.334609985351562
91677291,2022,2022-01-13,9825,2022-01-04,2140,022652,,2,2,9,1400,0,1,2,,1,005,"US-395 S/B","MANZANAR REWARD ROAD",10032.00,N,N,A,-,Y,INY,,395,,,69.917,H,,R,Y,3,0,1,1,A,-,08,22107,,N,F,A,A,A,H,-,D,D,0,,,,Y,Y,,G,26,0,1,0,0,0,0,0,0,0,"- ","- ",36.758350372314453,-118.16718292236328,INYO,UNINCORPORATED,-118.16724395751953,36.758319854736328
91680851,2022,2022-01-19,9825,2022-01-14,0900,020118,,5,1,9,1400,0,1,2,,1,005,"US-395 S/B","PANGBORN LANE",6864.00,N,N,A,-,Y,INY,,395,,R,60.174,H,,L,Y,3,0,1,1,A,-,08,22107,,N,F,I,A,A,H,-,A,D,0,,,,,Y,,E,22,0,1,0,0,0,0,0,0,0,"- ","- ",36.637641906738281,-118.08013153076172,INYO,UNINCORPORATED,-118.07998657226562,36.637699127197266
91686855,2022,2022-01-27,9825,2022-01-14,0830,022616,,5,1,9,1400,0,1,2,,2,001,"US-395 NORTHBOUND","BROCKMAN LN.",1531.00,N,N,A,-,Y,INY,,395,,,118.635,H,,R,Y,2,0,2,3,A,-,06,21755,A,N,B,2,A,A,H,-,A,D,0,,,,Y,Y,,A,07,1,1,0,0,0,0,0,0,0,"- ","- ",37.375961303710938,-118.43747711181641,INYO,UNINCORPORATED,-118.43747711181641,37.375919342041016
91688729,2022,2022-01-28,9825,2022-01-08,1200,018925,,6,1,9,1400,0,1,3,,2,017,SR-190,"EMIGRANT CANYON RD.",5280.00,E,N,A,-,Y,INY,,190,,,77.612,H,,R,Y,1,1,0,1,A,-,08,22107,,N,F,A,A,A,H,-,A,D,0,,,Y,,Y,,C,02,0,0,0,0,0,0,0,1,0,"- ","- ",36.510429382324219,-117.22402191162109,INYO,UNINCORPORATED,-117.22405242919922,36.510433197021484
91692995,2022,2022-02-03,9825,2022-01-25,1533,020118,,2,2,9,1400,0,1,2,,1,005,US-395,"PARK STREET",50.00,S,N,A,-,Y,INY,,395,,,73.125,H,,R,Y,2,0,1,2,A,-,03,22350,,N,B,2,A,A,H,-,A,D,0,,,,,Y,,D,22,1,0,0,0,0,0,0,0,0,"- ","- ",36.798690795898438,-118.19722747802734,INYO,UNINCORPORATED,-118.19728851318359,36.798667907714844
91693001,2022,2022-02-03,9825,2022-01-29,1256,020118,,6,1,9,1400,0,1,2,,1,006,"US-395 S/B","LAKE DIAZ ENTRANCE",245.00,S,N,A,-,Y,INY,,395,,,54.422,H,,L,Y,3,0,2,2,A,-,09,21801,A,N,D,C,A,A,H,-,A,D,0,,,,,Y,,A,01,0,2,0,0,0,0,0,0,0,"- ","- ",36.559650421142578,-118.05082702636719,INYO,UNINCORPORATED,-118.05076599121094,36.559658050537109
91701920,2022,2022-02-16,9825,2022-02-13,0701,017035,,7,1,9,1400,0,3,5,,2,060,"MANDICH ST","SUNLAND DRIVE",5.00,W,N,A,-,N,,,,,,,,,,Y,3,0,1,1,A,-,03,22350,,N,E,I,A,A,H,-,A,A,0,,,,,Y,,A,01,0,1,0,0,0,0,0,0,0,"- ","- ",37.356918334960938,-118.40471649169922,INYO,UNINCORPORATED,-118.40463256835938,37.356918334960938
91702482,2022,2022-02-16,9825,2022-02-06,1310,018441,,7,1,2,1401,0,1,2,,1,004,US-395,"TRAVEL PLAZA DRIVEWAY",0.00,,Y,A,-,Y,,,,,,,,,,Y,2,0,1,2,A,-,09,21802,A,N,D,C,A,A,H,-,A,B,0,,,,,Y,,A,01,1,0,0,0,0,0,0,0,0,"- ","- ",37.83660888671875,-118.22869110107422,INYO,BISHOP,,
91705852,2022,2022-02-22,9825,2022-02-19,1200,018925,,6,1,9,1400,0,1,2,,1,006,US-395,"WHITNEY ST.",6864.00,N,N,A,-,Y,INY,,395,,,39.077,H,,R,Y,3,0,2,1,A,-,08,22107,,N,E,8,A,A,H,-,A,D,0,,,,,Y,,A,07,0,1,1,0,0,0,0,0,0,"- ","- ",36.340778350830078,-118.02101898193359,INYO,UNINCORPORATED,-118.02094268798828,36.340789794921875
91708306,2022,2022-02-24,9825,2022-02-14,1745,020125,,1,2,9,1400,0,3,5,,2,040,"MUMY LN.",SR-168,94.00,S,N,A,-,Y,INY,,168,,,15.298,H,,R,Y,3,0,1,1,A,-,01,23152,A,M,E,I,A,A,H,-,B,D,0,,,,,Y,Y,A,01,0,1,0,0,0,0,0,0,0,"- ","- ",37.361129760742188,-118.4503173828125,INYO,UNINCORPORATED,-118.4503173828125,37.361232757568359
91711516,2022,2022-02-28,9825,2022-02-27,1712,018685,,7,2,9,1400,0,1,3,,2,020,SR-178,"CHICAGO VALLEY RD",46464.00,E,N,A,-,Y,,,,,,,,,,Y,2,0,1,1,A,-,08,22107,,N,F,A,A,A,H,-,A,D,0,,,,,Y,,A,01,1,0,0,0,0,0,0,0,0,"- ","- ",,,INYO,UNINCORPORATED,-116.17574310302734,36.126358032226562
91712067,2022,2022-03-01,9825,2022-02-25,1353,020736,,5,1,9,1400,0,1,2,,1,005,US-395,"EAST LOCUST STREET",115.00,N,N,A,-,Y,INY,,395,,,57.927,H,,R,Y,3,0,1,2,A,-,03,22350,,N,C,C,A,A,H,-,A,A,0,,,,,Y,,A,01,0,1,0,0,0,0,0,0,0,"- ","- ",36.608108520507812,-118.06459808349609,INYO,UNINCORPORATED,-118.06464385986328,36.608097076416016
91712082,2022,2022-03-01,9825,2022-02-21,0125,017565,,1,3,9,1400,0,3,5,,2,040,"BARLOW LANE","BIR ROAD",3168.00,S,N,A,-,N,,,,,,,,,,Y,3,0,1,1,A,-,08,22107,,M,E,J,A,A,H,-,D,D,0,,,,,Y,Y,-,"- ",0,1,0,0,0,0,0,0,0,"- ","- ",37.321910858154297,-118.42237854003906,INYO,UNINCORPORATED,-118.4222412109375,37.329471588134766
91722439,2022,2022-03-14,9825,2022-03-10,1956,022652,,4,2,9,1400,0,1,2,,1,006,US-395,"CACTUS FLATS ROAD",4224.00,S,N,A,-,Y,INY,,395,,,31.874,H,,R,N,4,0,1,1,C,-,18,,,N,H,H,A,A,H,-,D,D,0,,,,,Y,,-,"- ",0,0,1,0,0,0,0,0,0,"- ","- ",36.244518280029297,-117.98792266845703,INYO,UNINCORPORATED,-117.98797607421875,36.244503021240234
91723517,2022,2022-03-15,9825,2022-03-12,2239,020118,,6,3,9,1400,0,1,2,,1,006,"US-395 S/B","COTTONWOOD CHARCOAL KILNS",1584.00,N,N,B,-,Y,INY,,395,,,44.690,H,,L,Y,3,0,1,1,A,-,01,23152,A,N,E,8,A,A,H,-,D,D,0,,,,,Y,Y,A,01,0,1,0,0,0,0,0,0,0,"- ","- ",36.421501159667969,-118.030029296875,INYO,UNINCORPORATED,-118.02998352050781,36.421504974365234
91723546,2022,2022-03-15,9825,2022-03-13,1000,016173,,7,1,9,1400,0,1,2,,2,001,"US-395 N/B","PLEASANT VALLEY DAM ROAD",1056.00,S,N,A,G,Y,INY,,395,,T,122.139,H,,R,Y,4,0,1,1,A,-,03,22350,,N,F,A,A,A,H,-,A,D,0,,,,Y,Y,,G,25,0,0,1,0,0,0,0,0,0,"- ","- ",37.388370513916016,-118.49703216552734,INYO,UNINCORPORATED,-118.49704742431641,37.388343811035156
91724123,2022,2022-03-16,9825,2022-02-10,1100,017941,,4,1,9,1400,0,1,3,,2,017,"STATE ROUTE 190","EMIGRANT CANYON ROAD",31152.00,W,N,A,-,Y,INY,,190,,,70.497,H,,R,Y,1,1,1,1,A,-,08,22107,,N,E,I,A,A,H,-,A,D,0,,,,,Y,,A,01,1,0,0,0,0,0,0,0,0,"- ","- ",36.419769287109375,-117.26844024658203,INYO,UNINCORPORATED,-117.26844024658203,36.419773101806641
91724135,2022,2022-03-16,9825,2022-03-06,1200,022652,,7,1,9,1400,0,1,2,,1,006,US-395,"MOUNTAIN VIEW ST",50.00,N,N,A,-,Y,INY,,395,,,57.751,H,,R,N,3,0,1,2,A,-,11,21954,A,N,G,B,D,A,H,-,A,D,0,Y,,,,Y,,N,60,0,1,0,0,1,0,0,0,0,"- ","- ",36.605770111083984,-118.06345367431641,INYO,UNINCORPORATED,-118.06346130371094,36.605766296386719