CASE_ID,ACCIDENT_YEAR,PROC_DATE,JURIS,COLLISION_DATE,COLLISION_TIME,OFFICER_ID,REPORTING_DISTRICT,DAY_OF_WEEK,CHP_SHIFT,POPULATION,CNTY_CITY_LOC,SPECIAL_COND,BEAT_TYPE,CHP_BEAT_TYPE,CITY_DIVISION_LAPD,CHP_BEAT_CLASS,BEAT_NUMBER,PRIMARY_RD,SECONDARY_RD,DISTANCE,DIRECTION,INTERSECTION,WEATHER_1,WEATHER_2,STATE_HWY_IND,CALTRANS_COUNTY,CALTRANS_DISTRICT,STATE_ROUTE,ROUTE_SUFFIX,POSTMILE_PREFIX,POSTMILE,LOCATION_TYPE,RAMP_INTERSECTION,SIDE_OF_HWY,TOW_AWAY,COLLISION_SEVERITY,NUMBER_KILLED,NUMBER_INJURED,PARTY_COUNT,PRIMARY_COLL_FACTOR,PCF_CODE_OF_VIOL,PCF_VIOL_CATEGORY,PCF_VIOLATION,PCF_VIOL_SUBSECTION,HIT_AND_RUN,TYPE_OF_COLLISION,MVIW,PED_ACTION,ROAD_SURFACE,ROAD_COND_1,ROAD_COND_2,LIGHTING,CONTROL_DEVICE,CHP_ROAD_TYPE,PEDESTRIAN_ACCIDENT,BICYCLE_ACCIDENT,MOTORCYCLE_ACCIDENT,TRUCK_ACCIDENT,NOT_PRIVATE_PROPERTY,ALCOHOL_INVOLVED,STWD_VEHTYPE_AT_FAULT,CHP_VEHTYPE_AT_FAULT,COUNT_SEVERE_INJ,COUNT_VISIBLE_INJ,COUNT_COMPLAINT_PAIN,COUNT_PED_KILLED,COUNT_PED_INJURED,COUNT_BICYCLIST_KILLED,COUNT_BICYCLIST_INJURED,COUNT_MC_KILLED,COUNT_MC_INJURED,PRIMARY_RAMP,SECONDARY_RAMP,LATITUDE,LONGITUDE,COUNTY,CITY,POINT_X,POINT_Y
92428389,2024,2024-07-02,9825,2024-06-25,"834 ",018960,,2,1,9,1400,0,1,2,,1,004,"US-395 SOUTHBOUND","MILLER LANE",285.00,N,N,B,-,Y,INY,,395," "," ",76.223,H,,L,Y,3,0,3,1,A,-,08,22107,,N,E,8,A,A,H,-,A,D,0,,,,,Y,,A,01,0,3,0,0,0,0,0,0,0,"- ","- ",36.835838317871094,-118.22840881347656,INYO,UNINCORPORATED,-118.2283935546875,36.835845947265625
92430240,2024,2024-07-03,9825,2024-07-01,1425,017035,,1,2,9,1400,0,3,5,,2,040,"PA ME LANE","EAST BIRCH ST",0.00,,Y,A,-,N,,,,,,,,,,Y,4,0,2,5,A,-,09,21801,A,N,D,2,A,A,H,-,A,D,0,,,,,Y,,A,01,0,0,2,0,0,0,0,0,0,"- ","- ",37.355968475341797,-118.43209838867188,INYO,UNINCORPORATED,-118.43206024169922,37.359737396240234
92433326,2024,2024-07-08,9825,2024-06-23,"315 ",023552,T804,7,3,9,1400,0,2,4,,2,021,"NORTH BARLOW LANE","DIAZ LANE",1584.00,S,N,A,-,N,,,,,,,,,,N,4,0,1,1,A,-,01,23152,A,M,B,I,A,A,H,-,D,D,0,,,,,Y,Y,A,01,0,0,1,0,0,0,0,0,0,"- ","- ",37.365169525146484,-118.42298126220703,INYO,UNINCORPORATED,-118.42302703857422,37.364166259765625
92433339,2024,2024-07-08,9825,2024-05-26,"713 ",023602,,7,1,9,1400,0,1,3,,1,018,SR-190,"20 MULE TEAM CANYON ROAD",16896.00,E,N,A,-,Y,INY,,190," "," ",119.804,H,,R,Y,1,1,0,1,A,-,08,22107,,N,E,8,A,A,H,-,A,D,0,,,,,Y,,A,01,0,0,0,0,0,0,0,0,0,"- ","- ",36.385471343994141,-116.74478912353516,INYO,UNINCORPORATED,-116.74480438232422,36.385444641113281
92435920,2024,2024-07-11,9825,2024-06-28,"530 ",023602,,5,3,9,1400,0,1,2,,1,005,"S/B US-395","MANZANAR REWARD ROAD",16896.00,S,N,A,-,Y,INY,,395," ",R,64.929,H,,L,Y,3,0,1,1,A,-,08,22107,,N,E,8,A,A,H,-,A,D,0,,,,,Y,,A,01,0,1,0,0,0,0,0,0,0,"- ","- ",36.69683837890625,-118.11852264404297,INYO,UNINCORPORATED,-118.11857604980469,36.696807861328125
92436543,2024,2024-07-11,9825,2024-07-07,1215,023468,,7,1,9,1400,0,1,3,,1,011,"SR-168 E/B","SEE VEE LN",265.00,E,N,A,-,Y,INY,,168," "," ",17.360,H,,R,N,3,0,1,1,A,-,08,22107,,N,F,A,A,A,H,-,A,D,0,,,Y,,Y,,C,02,0,1,0,0,0,0,0,0,1,"- ","- ",37.361320495605469,-118.41282653808594,INYO,UNINCORPORATED,-118.41282653808594,37.361347198486328
92440573,2024,2024-07-22,9825,2024-07-13,1056,023602,,6,1,9,1400,0,1,2,,1,005,US-395,"W PAYNE ST",0.00,,Y,A,-,Y,INY,,395," "," ",73.258,H,,R,N,4,0,1,2,A,-,01,23153,A,F,E,8,A,A,H,-,A,D,0,,,Y,,Y,Y,A,01,0,0,1,0,0,0,0,0,1,"- ","- ",36.800590515136719,-118.19846343994141,INYO,UNINCORPORATED,-118.19845581054688,36.800590515136719
92442959,2024,2024-07-18,9825,2024-07-16,1040,017035,,2,1,9,1400,0,1,3,,1,015,SR-136,"DOLOMITE LOOP RD",5280.00,E,N,A,-,Y,INY,,136," "," ",5.415,H,,R,Y,3,0,1,1,A,-,08,22107,,N,F,A,A,A,H,-,A,D,0,,,,Y,Y,,G,27,0,1,0,0,0,0,0,0,0,"- ","- ",36.559520721435547,-117.9669189453125,INYO,UNINCORPORATED,-117.96698760986328,36.559436798095703
92596916,2024,2024-08-12,9825,2024-06-25,1550,021622,,2,2,9,1400,0,1,2,,1,006,US-395,"CACTUS FLATS ROAD",0.00,,Y,B,G,Y,INY,,395," "," ",32.654,H,,R,Y,1,3,1,2,A,-,09,21801,A,N,D,C,A,A,H,-,A,D,0,,,,,Y,,D,22,1,0,0,0,0,0,0,0,0,"- ","- ",36.255088806152344,-117.9930419921875,INYO,UNINCORPORATED,-117.99307250976562,36.255077362060547
92602344,2024,2024-07-25,9825,2024-07-15,1606,022520,,1,2,9,1400,0,1,2,,1,007,"US-395 S/B","HAIWEE RESERVIOR RD",5966.00,N,N,A,-,N,,,,,,,,,,Y,4,0,1,1,A,-,03,22350,,N,E,J,A,A,H,-,A,D,0,,,,,Y,,-,"- ",0,0,1,0,0,0,0,0,0,"- ","- ",36.12384033203125,-117.97206115722656,INYO,UNINCORPORATED,-117.97644805908203,36.156524658203125
9312364,2021,2021-09-17,1401,2021-02-28,1226,546,,7,5,2,1401,0,0,0,,0,,"NORTH MAIN","W PINE ST",0.00,,Y,A,-,Y,INY,9,395,-,-,115.560,I,5,S,Y,3,0,1,2,A,-,09,21802,A,N,D,C,A,A,H,-,A,A,0,,,,,Y,,A,01,0,1,0,0,0,0,0,0,0,"- ","- ",37.36376953125,-118.39546203613281,INYO,BISHOP,-118.39530944824219,37.363254547119141
9312368,2021,2021-09-17,1401,2021-05-29,1156,489,0100,6,5,2,1401,0,0,0,,0,,"WYE RD","RT 6",0.00,,Y,A,-,Y,INY,9,6,-,-,0.130,I,5,N,N,2,0,3,3,A,-,09,21802,A,N,D,C,A,A,H,-,A,A,0,,,,,Y,,A,07,1,2,0,0,0,0,0,0,0,"- ","- ",,,INYO,BISHOP,-118.39534759521484,37.375804901123047
9315877,2020,2021-09-28,1401,2020-03-12,1556,608,0100,4,5,2,1401,0,0,0,,0,CITY,"N SIERRA HWY","RT 6",0.00,,Y,A,-,Y,INY,9,6,-,-,0.000,I,5,S,Y,3,0,1,1,A,-,03,22350,,N,E,J,A,A,H,-,A,D,0,,,,,Y,,A,07,0,1,0,0,0,0,0,0,0,"- ","- ",37.37548828125,-118.39624786376953,INYO,BISHOP,-118.39559173583984,37.374225616455078
9317618,2020,2021-09-28,1401,2020-08-01,1941,1431,0100,6,5,2,1401,0,0,0,,0,,"RT 6","WYE RD",0.00,,Y,A,-,Y,INY,9,6,-,-,0.130,I,5,S,Y,3,0,4,3,A,-,09,21802,A,N,D,C,A,A,H,-,A,A,0,,,,,Y,,D,22,0,3,1,0,0,0,0,0,0,"- ","- ",,,INYO,BISHOP,-118.39534759521484,37.376010894775391
9317633,2020,2021-09-15,1401,2020-09-03,1158,470,0100,4,5,2,1401,0,0,0,,0,,"NORTH MAIN","HORACE ALBRIGHT AV",139.00,N,N,A,-,N,,,,,,,,,,N,4,0,1,2,A,-,05,21202,,N,D,C,A,A,H,-,A,D,0,,Y,,,Y,,L,04,0,0,1,0,0,0,1,0,0,"- ","- ",37.367931365966797,-118.39483642578125,INYO,BISHOP,,
9317637,2020,2021-09-09,1401,2020-10-18,2254,470,0100,7,5,2,1401,0,0,0,,0,,"CLARKE ST","2ND ST",217.00,W,N,A,-,N,,,,,,,,,,Y,2,0,2,2,A,-,01,23153,,N,H,C,A,A,H,-,C,D,0,,,,,Y,Y,A,01,1,0,1,0,0,0,0,0,0,"- ","- ",37.359901428222656,-118.38971710205078,INYO,BISHOP,-118.38976287841797,37.359615325927734
9317654,2020,2022-03-22,1401,2020-03-18,1409,608,0100,3,5,2,1401,0,0,0,,0,CITY,"RT 395","W LINE ST",221.00,S,N,A,-,Y,INY,9,395,-,-,115.420,H,-,S,Y,3,0,1,5,A,-,03,22350,,N,F,C,A,A,H,-,A,D,0,,,,Y,Y,,A,07,0,1,0,0,0,0,0,0,0,"- ","- ",37.360420227050781,-118.39575958251953,INYO,BISHOP,-118.39529418945312,37.361484527587891
9317662,2020,2021-09-14,1401,2020-11-09,1000,1494,,1,5,2,1401,0,0,0,,0,,"W ELM ST","SCHLEY ST",0.00,,Y,A,-,N,,,,,,,,,,N,2,0,1,2,A,-,12,22450,A,N,H,B,D,A,H,-,A,A,0,Y,,,,Y,,D,22,1,0,0,0,1,0,0,0,0,"- ","- ",37.365379333496094,-118.39919281005859,INYO,BISHOP,-118.39914703369141,37.365379333496094
9317674,2020,2022-03-22,1401,2020-01-17,1824,608,0100,5,5,2,1401,0,0,0,,0,,"RT 395","WYE RD",0.00,,Y,A,-,Y,INY,9,395,-,-,116.400,H,-,S,N,3,0,1,2,A,-,08,22107,,N,D,C,A,A,H,-,D,D,0,,,,,Y,,D,22,0,1,0,0,0,0,0,0,0,"- ","- ",37.37548828125,-118.39624786376953,INYO,BISHOP,-118.39816284179688,37.375736236572266
9322212,2020,2021-09-14,1401,2020-08-02,1801,489,0100,7,5,2,1401,0,0,0,,0,,"MAIN ST","MAC IVER ST",0.00,,Y,A,-,Y,INY,9,395,-,-,116.070,I,5,N,N,3,0,1,2,A,-,09,21802,A,N,D,G,A,A,H,-,A,A,0,,Y,,,Y,,A,07,0,1,0,0,0,0,1,0,0,"- ","- ",37.371559143066406,-118.39486694335938,INYO,BISHOP,-118.39529418945312,37.371688842773438
9325770,2021,2021-10-04,1401,2021-08-29,1525,1494,100,7,5,2,1401,0,0,0,,0,100,"NORTH MAIN","HORACE ALBRIGHT AV",0.00,,Y,A,-,N,,,,,,,,,,N,2,0,1,2,A,-,10,21950,,N,G,B,B,A,H,-,A,A,0,Y,,,,Y,,D,22,1,0,0,0,1,0,0,0,0,"- ","- ",37.368080139160156,-118.39433288574219,INYO,BISHOP,,
93280560,2024,2024-08-01,9825,2024-07-21,1635,020736,,7,2,9,1400,0,2,4,,2,077,"PANAMINT VALLEY ROAD (SR-178)","TRONA WILDROSE RD",16368.00,W,N,A,-,Y,,,,,,,,,,Y,4,0,1,2,A,-,00,20002,A,M,F,A,A,A,H,-,A,D,0,,,,,Y,,-,99,0,0,1,0,0,0,0,0,0,"- ","- ",36.202259063720703,-117.33502197265625,INYO,UNINCORPORATED,-117.33506011962891,36.202251434326172
93644802,2024,2024-08-05,9825,2024-07-24,"630 ",021622,,3,1,9,1400,0,1,3,,2,016,"SR-190 EASTBOUND","MILE POST MARKER 61",1056.00,E,N,A,-,Y,INY,,190," "," ",61.667,H,,R,Y,3,0,2,1,A,-,08,22107,,N,E,J,A,A,H,-,B,D,0,,,,,Y,,D,22,0,2,0,0,0,0,0,0,0,"- ","- ",36.344341278076172,-117.35751342773438,INYO,UNINCORPORATED,-117.35749816894531,36.344303131103516
93687389,2024,2024-08-06,9825,2024-07-12,1730,023376,,5,2,9,1400,0,3,5,,2,040,"MATLICK LN",US-395,0.00,,Y,A,-,N,,,,,,,,,,N,4,0,1,2,A,-,12,22450,A,N,G,B,D,A,H,-,A,A,0,Y,,,,Y,,A,07,0,0,1,0,1,0,0,0,0,"- ","- ",37.375949859619141,-118.42034149169922,INYO,UNINCORPORATED,-118.41948699951172,37.375820159912109
9369629,2021,2021-12-21,1401,2021-10-15,1629,489,,5,5,2,1401,0,0,0,,0,,"NORTH MAIN","W YANEY ST",0.00,,Y,A,-,N,,,,,,,,,,N,3,0,1,2,A,-,08,22107,,N,D,G,A,A,H,-,A,A,0,,Y,,,Y,,A,07,0,1,0,0,0,0,1,0,0,"- ","- ",,,INYO,BISHOP,-118.39528656005859,37.369537353515625
93744430,2024,2024-08-06,9825,2024-07-27,1011,023602,,6,1,9,1400,0,1,3,,2,017,SR-190,"WILDROSE RD",29040.00,W,N,A,-,Y,INY,,190," "," ",70.757,H,,R,Y,2,0,1,1,A,-,03,22350,,N,E,8,A,A,H,-,A,D,0,,,Y,,Y,,C,02,1,0,0,0,0,0,0,0,1,"- ","- ",36.422119140625,-117.26583862304688,INYO,UNINCORPORATED,-117.26590728759766,36.422115325927734
93768848,2024,2024-08-07,9825,2024-07-30,"840 ",023986,,2,1,9,1400,0,1,2,,1,003,"US-395 N/B","ALL FIVE DRIVE",2112.00,N,N,A,-,Y,INY,,395," "," ",97.780,H,,R,Y,3,0,1,2,A,-,03,22350,,N,C,C,A,A,H,-,A,D,0,,,,Y,Y,,A,01,0,1,0,0,0,0,0,0,0,"- ","- ",37.132930755615234,-118.27130126953125,INYO,UNINCORPORATED,-118.27133178710938,37.132915496826172
93857671,2024,2024-08-08,9825,2024-07-29,2305,022520,,1,3,9,1400,0,1,2,,1,006,"US-395 N/B","BARTLET RD",1045.00,N,N,A,-,N,,,,,,,,,,Y,2,0,1,1,A,-,08,22107,,N,F,I,A,A,H,-,D,D,0,,,,,Y,,A,01,1,0,0,0,0,0,0,0,0,"- ","- ",36.485771179199219,-118.03443908691406,INYO,UNINCORPORATED,-118.03437805175781,36.485649108886719
94360151,2024,2024-08-19,9825,2024-08-14,"829 ",023986,,3,1,9,1400,0,1,3,,1,011,SR-168,"MEADOW LANE",100.00,E,N,A,-,Y,INY,,168," "," ",16.102,H,,R,Y,3,0,1,2,A,-,09,21804,A,N,D,C,A,A,H,-,A,D,0,,,,,Y,,A,01,0,1,0,0,0,0,0,0,0,"- ","- ",37.361251831054688,-118.43566131591797,INYO,UNINCORPORATED,-118.43566131591797,37.361259460449219
94368226,2024,2024-08-23,9825,2024-08-21,1505,023988,,3,2,9,1400,0,1,2,,1,006,"US-395 S/B","CARROLL CREEK ROAD",0.00,,Y,A,-,N,,,,,,,,,,Y,2,0,3,2,A,-,09,21801,A,N,D,C,A,A,H,-,A,D,0,,,,,Y,,M,47,1,2,0,0,0,0,0,0,0,"- ","- ",36.491111755371094,-118.03411102294922,INYO,UNINCORPORATED,-118.03411102294922,36.491119384765625
94371096,2024,2024-08-27,9825,2024-07-31,1810,024003,,3,2,2,1401,0,1,2,,2,001,US-395,"BROCKMAN LANE",0.00,,Y,B,-,Y,INY,,395," "," ",118.322,H,,R,Y,2,0,1,2,A,-,09,21804,A,F,D,2,A,A,H,-,B,A,0,,,,,Y,,A,07,1,0,0,0,0,0,0,0,0,"- ","- ",37.375759124755859,-118.43199157714844,INYO,BISHOP,-118.43198394775391,37.37591552734375
94373780,2024,2024-08-28,9825,2024-08-24,1740,023376,,6,2,9,1400,0,1,2,,2,002,US-395,"SEE VEE LN",2112.00,S,N,A,-,Y,INY,,395," "," ",116.923,H,,R,Y,4,0,1,1,A,-,08,22107,,N,E,I,A,A,H,-,A,D,0,,,,,Y,,A,07,0,0,1,0,0,0,0,0,0,"- ","- ",37.375968933105469,-118.40676116943359,INYO,UNINCORPORATED,-118.40676116943359,37.375926971435547
94375790,2024,2024-08-29,9825,2024-08-22,"950 ",023755,,4,1,9,1400,0,3,5,,2,040,"SUNLAND DRIVE","WARM SPRINGS ROAD",1056.00,S,N,A,-,N,,,,,,,,,,Y,4,0,1,1,A,-,01,23152,A,M,B,8,A,A,H,-,A,D,0,,,,,Y,Y,A,07,0,0,1,0,0,0,0,0,0,"- ","- ",37.322639465332031,-118.40463256835938,INYO,UNINCORPORATED,-118.40460205078125,37.322154998779297
94382636,2024,2025-04-03,9825,2024-08-09,1955,023336,,5,2,9,1400,0,1,2,,1,007,"US-395 S/B","LITTLE LAKE ROAD",1584.00,N,N,A,-,Y,INY,,395," "," ",9.957,H,,L,Y,1,1,0,1,A,-,03,22350,,N,F,A,A,A,H,-,B,D,0,,,,,Y,,A,01,0,0,0,0,0,0,0,0,0,"- ","- ",35.936561584472656,-117.90602111816406,INYO,UNINCORPORATED,-117.90596771240234,35.936557769775391
94388073,2024,2024-09-10,9825,2024-08-28,"745 ",022520,,3,1,9,1400,0,1,2,,1,005,"US-395 S/B","MOFFAT RANCH RD.",4283.00,S,N,A,-,N,,,,,,,,,,Y,4,0,1,1,A,-,08,22107,,N,E,I,A,A,H,-,A,D,0,,,,,Y,,A,01,0,0,1,0,0,0,0,0,0,"- ","- ",36.676670074462891,-118.09976959228516,INYO,UNINCORPORATED,-118.09777069091797,36.674415588378906
94388577,2024,2024-09-10,9825,2024-09-04,1321,021622,,3,1,9,1400,0,1,2,,1,006,US-395,"WALKER CREEK ROAD",1060.00,N,N,A,-,Y,INY,,395," "," ",33.251,H,,R,Y,2,0,1,2,A,-,08,22107,,N,B,D,A,A,H,-,A,D,0,,,,,Y,,A,08,1,0,0,0,0,0,0,0,0,"- ","- ",36.263168334960938,-117.99698638916016,INYO,UNINCORPORATED,-117.99696350097656,36.263179779052734
94389765,2024,2024-09-11,9825,2024-09-02,1730,022905,,1,2,9,1400,0,1,2,,1,003,"SB US-395","WARM SPRINGS ROAD",0.00,,Y,A,-,Y,INY,,395," "," ",112.864,H,,R,Y,2,0,2,2,A,-,01,23152,A,N,D,C,A,A,H,-,A,D,0,,,Y,,Y,Y,A,01,2,0,0,0,0,0,0,0,2,"- ","- ",37.325130462646484,-118.39128112792969,INYO,UNINCORPORATED,-118.39110565185547,37.325187683105469
94389781,2024,2024-09-11,9825,2024-07-12,1620,023468,,5,2,9,1400,0,1,3,,1,011,"STARLITE DR.","SR-168 WEST",452.00,W,N,A,-,N,,,,,,,,,,Y,1,1,1,1,A,-,08,22107,,N,F,A,A,A,H,-,A,D,0,,,,,Y,,D,22,1,0,0,0,0,0,0,0,0,"- ","- ",37.333381652832031,-118.52308654785156,INYO,UNINCORPORATED,-118.52291107177734,37.333244323730469
94391883,2024,2024-09-12,9825,2024-09-06,1531,023602,,5,2,9,1400,0,1,3,,1,015,SR-190,"PANAMINT VALLEY ROAD",19536.00,W,N,A,-,Y,INY,,190," "," ",53.483,H,,R,N,2,0,1,1,A,-,03,22350,,N,H,A,A,A,H,-,A,D,0,,,Y,,Y,,-,"- ",1,0,0,0,0,0,0,0,1,"- ","- ",36.346549987792969,-117.49208831787109,INYO,UNINCORPORATED,-117.49210357666016,36.346530914306641
94395359,2024,2024-09-16,9825,2024-09-07,1530,023755,,6,2,9,1400,0,1,2,,2,001,"US-395 N/B","MILL CREEK ROAD",2112.00,N,N,A,-,Y,INY,,395," ",R,125.357,H,,R,Y,2,0,1,1,A,-,08,22107,,N,F,A,A,A,H,-,A,D,0,,,,,Y,Y,A,08,1,0,0,0,0,0,0,0,0,"- ","- ",37.409370422363281,-118.54898071289062,INYO,UNINCORPORATED,-118.5489501953125,37.409393310546875
94400725,2024,2024-09-19,9825,2024-09-14,1105,023755,,6,1,9,1400,0,1,2,,1,004,"US-395 N/B","NORTH FISH SPRINGS ROAD",4752.00,S,N,A,-,Y,INY,,395," "," ",94.654,H,,R,N,3,0,2,1,C,-,18,,,N,F,A,A,A,H,-,A,D,0,,,Y,,Y,,-,"- ",0,1,1,0,0,0,0,0,2,"- ","- ",37.092540740966797,-118.24858856201172,INYO,UNINCORPORATED,-118.24854278564453,37.092548370361328
94402277,2024,2024-09-20,9825,2024-09-13,1805,023534,,5,2,9,1400,0,1,3,,1,011,"SR-168 E/B","MEADOW LN",0.00,,Y,A,-,Y,INY,,168," "," ",16.068,H,,R,Y,3,0,2,2,A,-,09,21801,A,N,D,C,A,A,H,-,A,B,0,,,,,Y,,-,35,0,2,0,0,0,0,0,0,0,"- ","- ",37.361251831054688,-118.43627166748047,INYO,UNINCORPORATED,-118.43627166748047,37.361270904541016
94405769,2024,2024-09-24,9825,2024-09-12,1115,018960,,4,1,9,1400,0,1,3,,1,011,SR-168,"MEADOW LANE",0.00,,Y,A,-,N,,,,,,,,,,N,4,0,1,2,A,-,09,21802,A,N,D,C,A,A,H,-,A,D,0,,,,,Y,,A,07,0,0,1,0,0,0,0,0,0,"- ","- ",37.361209869384766,-118.4364013671875,INYO,UNINCORPORATED,-118.43637847900391,37.361240386962891
94405906,2024,2024-09-24,9825,2024-09-20,1445,020736,,5,2,9,1400,0,3,5,,2,060,"LONE PINE CAMPGROUND ROAD","WHITNEY PORTAL RD",3062.00,W,N,A,-,N,,,,,,,,,,N,3,0,1,1,A,-,08,22107,,N,F,A,A,A,B,-,A,D,0,,,Y,,Y,,C,02,0,1,0,0,0,0,0,0,1,"- ","- ",36.596981048583984,-118.18550109863281,INYO,UNINCORPORATED,-118.18519592285156,36.596893310546875
94406550,2024,2024-09-24,9825,2024-09-20,1210,023602,,5,1,9,1400,0,1,2,,1,007,"S/B US-395","NINE MILE CANYON ROAD",23232.00,N,N,B,-,Y,INY,,395," ",R,7.438,H,,L,Y,2,0,1,1,A,-,08,22107,,N,E,J,A,A,H,-,A,D,0,,,Y,,Y,,C,02,1,0,0,0,0,0,0,0,1,"- ","- ",35.901538848876953,-117.900390625,INYO,UNINCORPORATED,-117.90045166015625,35.901527404785156
94413411,2024,2024-10-08,9825,2024-09-24,1605,021400,,2,2,9,1400,0,1,2,,2,002,"N/B US-395","BARLOW LANE",380.00,E,N,A,-,Y,INY,,395," "," ",117.749,H,,R,N,4,0,1,2,A,-,05,21650,,N,D,G,A,A,H,-,A,D,0,,Y,Y,,Y,Y,L,04,0,0,1,0,0,0,1,0,0,"- ","- ",37.375900268554688,-118.42159271240234,INYO,UNINCORPORATED,-118.42159271240234,37.375885009765625
94413434,2024,2024-09-30,9825,2024-09-23,2019,022520,,1,2,9,1400,0,2,4,,2,078,"TRONA WILDROSE ROAD","QUARRY RD",3432.00,S,N,A,-,Y,,,,,,,,,,Y,4,0,1,1,C,-,18,,,N,E,H,A,A,H,-,D,D,0,,,,,Y,,-,"- ",0,0,1,0,0,0,0,0,0,"- ","- ",35.911628723144531,-117.33052062988281,INYO,UNINCORPORATED,-117.33054351806641,35.911533355712891
94418620,2024,2024-10-03,9825,2024-09-26,"40  ",021622,,4,3,9,1400,0,1,2,,1,007,"US-395 NORTHBOUND","GILL STATION COSO ROAD",5280.00,N,N,A,-,Y,INY,,395," ",R,18.901,H,,R,N,2,0,1,2,A,-,11,21954,A,N,G,B,E,A,H,-,D,D,0,Y,,,Y,Y,,N,60,1,0,0,0,1,0,0,0,0,"- ","- ",36.060329437255859,-117.95181274414062,INYO,UNINCORPORATED,-117.95182037353516,36.060329437255859
94418657,2024,2024-10-03,9825,2024-09-19,1357,022520,,4,1,9,1400,0,1,2,,1,007,"US-395 N/B","GILL STATION COSO RD",576.00,S,N,A,-,Y,INY,,395," ",R,17.746,H,,R,Y,2,0,1,1,A,-,08,22107,,N,E,I,A,A,H,-,A,D,0,,,,,Y,,A,01,1,0,0,0,0,0,0,0,0,"- ","- ",36.04412841796875,-117.94660186767578,INYO,UNINCORPORATED,-117.9466552734375,36.044120788574219
94420074,2024,2024-10-04,9825,2024-09-29,1800,020736,,7,2,9,1400,0,1,3,,2,016,SR-190,"CENTENNIAL ROAD",1915.00,W,N,A,-,Y,INY,,190," "," ",34.294,H,,R,Y,3,0,1,1,A,-,08,22107,,N,F,A,A,A,H,-,B,D,0,,,,,Y,,A,01,0,1,0,0,0,0,0,0,0,"- ","- ",36.331748962402344,-117.72193908691406,INYO,UNINCORPORATED,-117.72196960449219,36.331619262695312
94422726,2024,2024-10-08,9825,2024-10-04,1615,022014,,5,2,2,1401,0,3,5,,2,040,"SCHOBER LANE","SUNLAND DRIVE",0.00,,Y,A,-,N,,,,,,,,,,N,3,0,1,2,A,-,09,21802,A,N,E,8,A,A,H,-,A,A,0,,,,,Y,,D,22,0,1,0,0,0,0,0,0,0,"- ","- ",37.3466796875,-118.40460968017578,INYO,BISHOP,-118.40452575683594,37.34674072265625
94423580,2024,2024-10-08,9825,2024-09-30,1615,022520,,1,2,9,1400,0,1,2,,1,007,"US-395 N/B",DUNMOVIN,682.00,N,N,A,-,Y,INY,,395," ",R,21.006,H,,R,N,3,0,1,1,A,-,08,22107,,N,E,I,A,A,H,-,A,D,0,,,,,Y,,A,07,0,1,0,0,0,0,0,0,0,"- ","- ",36.089839935302734,-117.96128845214844,INYO,UNINCORPORATED,-117.96138763427734,36.089813232421875
94431324,2024,2024-10-15,9825,2024-10-03,"415 ",021622,,4,3,9,1400,0,2,4,,2,078,"SR-178 SOUTHBOUND (TRONA WILDROSE ROAD)","QUARRY ROAD",16896.00,N,N,A,-,N,,,,,,,,,,Y,3,0,1,1,A,-,08,22107,,N,E,I,A,A,H,-,D,D,0,,,,,Y,,A,01,0,1,0,0,0,0,0,0,0,"- ","- ",35.963058471679688,-117.33918762207031,INYO,UNINCORPORATED,,
94435433,2024,2024-10-17,9825,2024-10-09,1732,023988,,3,2,2,1401,0,1,2,,2,001,"US HWY 395 NORTHBOUND","BROCKMAN LN.",20.00,N,N,A,-,N,,,,,,,,,,Y,2,0,1,5,A,-,01,23152,A,N,D,4,F,A,H,-,B,D,0,Y,,,,Y,Y,A,01,1,0,0,0,1,0,0,0,0,"- ","- ",37.375938415527344,-118.43254089355469,INYO,BISHOP,-120.50231170654297,40.960926055908203
94441150,2024,2024-10-22,9825,2024-08-30,1906,020736,,5,2,9,1400,0,1,2,,1,006,"SOUTHBOUND US-395","LUBKEN CANYON RD",31.00,N,N,A,-,Y,INY,,395," "," ",53.286,H,,L,Y,1,1,0,2,A,-,09,21801,A,N,B,G,A,A,H,-,A,D,0,,Y,,Y,Y,,L,04,0,0,0,0,0,1,0,0,0,"- ","- ",36.543159484863281,-118.04752349853516,INYO,UNINCORPORATED,-118.04753875732422,36.543159484863281
94443859,2024,2024-11-01,9825,2024-10-18,1045,023336,,5,1,9,1400,0,1,2,,1,004,"US-395 S/B","BLACK ROCK SPRINGS ROAD",158.00,N,N,G,-,Y,INY,,395," ",R,82.433,H,,L,Y,2,0,1,1,A,-,08,22107,,N,E,8,A,A,H,-,A,D,0,,,,,Y,,-,"- ",1,0,0,0,0,0,0,0,0,"- ","- ",36.924930572509766,-118.24122619628906,INYO,UNINCORPORATED,-118.24129486083984,36.924930572509766