CASE_ID,ACCIDENT_YEAR,PROC_DATE,JURIS,COLLISION_DATE,COLLISION_TIME,OFFICER_ID,REPORTING_DISTRICT,DAY_OF_WEEK,CHP_SHIFT,POPULATION,CNTY_CITY_LOC,SPECIAL_COND,BEAT_TYPE,CHP_BEAT_TYPE,CITY_DIVISION_LAPD,CHP_BEAT_CLASS,BEAT_NUMBER,PRIMARY_RD,SECONDARY_RD,DISTANCE,DIRECTION,INTERSECTION,WEATHER_1,WEATHER_2,STATE_HWY_IND,CALTRANS_COUNTY,CALTRANS_DISTRICT,STATE_ROUTE,ROUTE_SUFFIX,POSTMILE_PREFIX,POSTMILE,LOCATION_TYPE,RAMP_INTERSECTION,SIDE_OF_HWY,TOW_AWAY,COLLISION_SEVERITY,NUMBER_KILLED,NUMBER_INJURED,PARTY_COUNT,PRIMARY_COLL_FACTOR,PCF_CODE_OF_VIOL,PCF_VIOL_CATEGORY,PCF_VIOLATION,PCF_VIOL_SUBSECTION,HIT_AND_RUN,TYPE_OF_COLLISION,MVIW,PED_ACTION,ROAD_SURFACE,ROAD_COND_1,ROAD_COND_2,LIGHTING,CONTROL_DEVICE,CHP_ROAD_TYPE,PEDESTRIAN_ACCIDENT,BICYCLE_ACCIDENT,MOTORCYCLE_ACCIDENT,TRUCK_ACCIDENT,NOT_PRIVATE_PROPERTY,ALCOHOL_INVOLVED,STWD_VEHTYPE_AT_FAULT,CHP_VEHTYPE_AT_FAULT,COUNT_SEVERE_INJ,COUNT_VISIBLE_INJ,COUNT_COMPLAINT_PAIN,COUNT_PED_KILLED,COUNT_PED_INJURED,COUNT_BICYCLIST_KILLED,COUNT_BICYCLIST_INJURED,COUNT_MC_KILLED,COUNT_MC_INJURED,PRIMARY_RAMP,SECONDARY_RAMP,LATITUDE,LONGITUDE,COUNTY,CITY,POINT_X,POINT_Y
94947393,2025,2025-11-25,9825,2025-10-29,2040,024800,,3,2,9,1400,0,1,2,,1,005,"S/B US-395","LOS ANGELES AQUADUCT",165.00,S,N,A,-,Y,INY,,395," "," ",68.981,H,,L,N,4,0,1,1,A,-,08,22107,,N,E,I,A,A,H,-,D,D,0,,,,,Y,,A,01,0,0,1,0,0,0,0,0,0,"- ","- ",36.746601104736328,-118.15898132324219,INYO,UNINCORPORATED,-118.1590576171875,36.746562957763672
94952182,2025,2025-12-01,9825,2025-11-20,"200 ",020736,,4,3,9,1400,0,2,4,,2,077,"SR-178/PANAMINT VALLEY ROAD","TRONA WILDROSE ROAD",5280.00,W,N,A,-,N,,,,,,,,,,Y,2,0,1,1,A,-,08,22107,,N,F,A,A,A,H,-,D,D,0,,,,,Y,,A,08,1,0,0,0,0,0,0,0,0,"- ","- ",36.181221008300781,-117.31194305419922,INYO,UNINCORPORATED,-117.3109130859375,36.180000305175781
94956049,2025,2025-12-03,9825,2025-11-26,"525 ",020118,,3,3,9,1400,0,1,2,,1,007,"N/B US-395","PEARSONVILLE ROAD",1056.00,N,N,A,-,Y,INY,,395," ",R,0.195,H,,R,Y,3,0,2,2,A,-,08,22107,,N,F,A,A,A,H,-,D,D,0,,,,,Y,,A,01,0,2,0,0,0,0,0,0,0,"- ","- ",35.800998687744141,-117.87274932861328,INYO,UNINCORPORATED,-117.87269592285156,35.801002502441406
94957631,2025,2025-12-04,9825,2025-12-01,"555 ",018441,,1,3,9,1400,0,3,5,,2,040,"POLETA-LAWS ROAD","SILVER CANYON RD",3696.00,S,N,A,-,N,,,,,,,,,,Y,3,0,1,1,A,-,03,22350,,N,E,I,A,A,H,-,A,D,0,,,,,Y,,A,07,0,1,0,0,0,0,0,0,0,"- ","- ",37.393531799316406,-118.33167266845703,INYO,UNINCORPORATED,-118.33177185058594,37.393100738525391
94958091,2025,2025-12-04,9825,2025-11-23,"800 ",017983,,7,1,9,1400,0,2,4,,2,052,"OLD SPANISH TRAIL HWY","FURNACE CREEK RD",34320.00,E,N,A,-,Y,,,,,,,,,,Y,3,0,1,1,A,-,08,22107,,N,F,A,A,A,H,-,A,D,0,,,,,Y,,D,22,0,1,0,0,0,0,0,0,0,"- ","- ",35.890560150146484,-116.10265350341797,INYO,UNINCORPORATED,-116.10759735107422,35.888626098632812
94963572,2025,2025-12-09,9825,2025-12-04,"739 ",020118,,4,1,9,1400,0,1,2,,1,007,"S/B US-395","PEARSONVILLE ROAD",5280.00,N,N,A,-,Y,INY,,395," ",R,0.768,H,,L,Y,3,0,1,1,A,-,08,22107,,N,E,8,A,A,H,-,A,D,0,,,,,Y,,A,01,0,1,0,0,0,0,0,0,0,"- ","- ",35.8094482421875,-117.87364196777344,INYO,UNINCORPORATED,-117.87357330322266,35.809452056884766
94964663,2025,2025-12-09,9825,2025-12-06,1100,018685,,6,1,9,1400,0,1,3,,2,017,SR-190,"EMIGRANT CANYON ROAD",35376.00,W,N,A,-,Y,INY,,190," "," ",69.367,H,,R,N,3,0,1,1,A,-,03,22350,,N,F,A,A,A,H,-,A,D,0,,Y,,,Y,,L,04,0,1,0,0,0,0,1,0,0,"- ","- ",36.40673828125,-117.27783966064453,INYO,UNINCORPORATED,-117.27783966064453,36.406742095947266
94967851,2025,2025-12-11,9825,2025-12-06,1730,024273,,6,2,9,1400,0,1,2,,1,003,"SB US-395","COLLINS RD",2652.00,S,N,A,-,Y,INY,,395," "," ",109.174,H,,R,Y,4,0,1,1,C,-,18,,,N,H,H,A,A,H,-,D,D,0,,,,,Y,,-,"- ",0,0,1,0,0,0,0,0,0,"- ","- ",37.275051116943359,-118.36965179443359,INYO,UNINCORPORATED,-118.36955261230469,37.275081634521484
94971843,2025,2025-12-15,9825,2025-12-09,1635,018441,,2,2,9,1400,0,1,3,,1,011,SR-168,"REATA ROAD",75.00,E,N,A,-,Y,INY,,168," "," ",15.702,H,,R,Y,3,0,1,3,A,-,01,23152,A,N,C,C,A,A,H,-,B,D,0,,,,,Y,Y,D,22,0,1,0,0,0,0,0,0,0,"- ","- ",37.361289978027344,-118.44312286376953,INYO,UNINCORPORATED,-118.44312286376953,37.361289978027344
94978162,2025,2025-12-18,9825,2025-12-13,1300,017983,,6,1,9,1400,0,1,3,,2,020,"SR-178 CHARLES BROWN HIGHWAY","CHICAGO VALLEY ROAD",29040.00,E,N,A,-,Y,INY,,178," "," ",53.928,H,,R,Y,3,0,1,1,A,-,08,22107,,N,F,A,A,A,H,-,A,D,0,,,,,Y,,A,01,0,1,0,0,0,0,0,0,0,"- ","- ",36.080741882324219,-116.18621063232422,INYO,UNINCORPORATED,-116.18616485595703,36.080734252929688
94982031,2025,2025-12-22,9825,2025-12-18,"820 ",017983,,4,1,9,1400,0,1,3,,1,019,SR-127,"STATE LINE ROAD/ASH MEADOWS RD.",0.00,,Y,A,-,Y,INY,,127," "," ",41.970,H,,R,Y,3,0,1,1,A,-,12,22450,A,N,E,8,A,A,H,-,A,D,0,,,,,Y,,A,07,0,1,0,0,0,0,0,0,0,"- ","- ",36.302139282226562,-116.41443634033203,INYO,UNINCORPORATED,-116.41439819335938,36.302146911621094
94993801,2025,2025-12-31,9825,2025-12-19,1615,020736,,5,2,9,1400,0,1,2,,1,007,"S/B US-395","LAKE VILLAGE ROAD",22070.00,S,N,A,-,Y,INY,,395," "," ",23.489,H,,L,Y,3,0,1,1,C,-,18,,,N,E,I,A,A,H,-,B,D,0,,,,,Y,,-,"- ",0,1,0,0,0,0,0,0,0,"- ","- ",36.124530792236328,-117.97296142578125,INYO,UNINCORPORATED,-117.97288513183594,36.124534606933594
94996269,2025,2026-01-02,9825,2025-12-19,2048,024264,,5,2,9,1400,0,1,3,,1,011,"S PA HA LN","SR-168 E/B",0.00,,Y,A,-,Y,INY,,168," "," ",16.531,H,,R,Y,3,0,3,2,A,-,09,21802,A,N,D,C,A,A,H,-,C,A,0,,,,,Y,,A,01,0,2,1,0,0,0,0,0,0,"- ","- ",37.361351013183594,-118.427490234375,INYO,UNINCORPORATED,-118.427490234375,37.361343383789062
94996272,2025,2026-01-02,9825,2025-12-23,1358,024953,,2,1,9,1400,0,3,5,,2,060,"US-395 (OLD HIGHWAY)","WHITNEY ST",1415.00,N,N,B,-,N,,,,,,,,,,N,3,0,1,1,A,-,08,22107,,N,E,I,A,A,H,-,A,A,0,,,,,Y,,D,22,0,1,0,0,0,0,0,0,0,"- ","- ",36.326389312744141,-118.02471160888672,INYO,UNINCORPORATED,-118.02492523193359,36.326416015625
95001616,2025,2026-01-06,9825,2025-05-30,1812,023755,,5,2,9,1400,0,1,2,,1,006,"N/B US-395",SR-190,2640.00,N,N,A,-,Y,,,,,,,,,,Y,1,1,0,1,A,-,08,22107,,N,F,0,A,A,D,-,A,D,0,,,,,Y,,A,01,0,0,0,0,0,0,0,0,0,"- ","- ",36.236309051513672,-117.99034118652344,INYO,UNINCORPORATED,-118.01179504394531,36.287818908691406
95006780,2025,2026-01-09,9825,2025-12-21,"155 ",024436,,7,3,9,1400,0,2,S,,2,904,"LASKY LN","PANGHORN ST",50.00,S,N,A,-,N,,,,,,,,,,N,4,0,1,3,A,-,01,23152,A,N,A,4,A,A,H,-,D,D,0,,,,,Y,Y,A,01,0,0,1,0,0,0,0,0,0,"- ","- ",36.61676025390625,-118.07331085205078,INYO,UNINCORPORATED,-118.07321166992188,36.616844177246094
95020111,2025,2026-01-20,9825,2025-10-05,1320,022014,,7,1,9,1400,0,1,2,,2,001,"US-395 N/B","GORGE ROAD",20.00,S,N,A,-,Y,INY,,395," ",R,128.202,H,,R,N,2,0,1,2,A,-,03,22350,,N,C,C,A,A,H,-,A,D,0,,,Y,,Y,,C,02,1,0,0,0,0,0,0,0,1,"- ","- ",37.445648193359375,-118.57211303710938,INYO,UNINCORPORATED,-118.57208251953125,37.445652008056641
95020897,2025,2026-01-20,9825,2025-05-20,1408,018685,,2,2,9,1400,0,1,3,,2,017,SR-190,"EMIGRANT CANYON ROAD",701.00,E,N,A,-,Y,INY,,190," "," ",76.653,H,,R,Y,1,1,0,1,A,-,08,22107,,N,E,8,A,A,H,-,A,D,0,,,,Y,Y,,G,25,0,0,0,0,0,0,0,0,0,"- ","- ",36.497039794921875,-117.22682952880859,INYO,UNINCORPORATED,-117.22691345214844,36.497039794921875
9519727,2022,2023-02-09,1401,2022-12-20,1119,455,1401,2,5,2,1401,0,0,0,,0,CITY,"NORTH MAIN","WILLOW ST",49.00,N,N,A,-,N,,,,,,,,,,N,4,0,1,2,A,-,03,22350,,M,C,C,A,A,H,-,A,D,0,,,,,Y,,A,01,0,0,1,0,0,0,0,0,0,"- ","- ",37.363559722900391,-118.39527893066406,INYO,BISHOP,-118.39528656005859,37.36297607421875
9526710,2022,2023-02-23,1401,2022-10-19,1458,1516,0100,3,5,2,1401,0,0,0,,0,,"1ST ST","LINE ST",96.00,S,N,A,-,N,,,,,,,,,,N,3,0,1,5,A,-,08,22107,,N,C,E,A,A,H,-,A,D,0,,,Y,,Y,Y,A,07,0,1,0,0,0,0,0,0,0,"- ","- ",37.361518859863281,-118.38665771484375,INYO,BISHOP,-118.38662719726562,37.361248016357422
9536077,2022,2022-12-23,1401,2022-09-19,1634,1516,0100,1,5,2,1401,0,0,0,,0,,"RT 168","HOME ST",0.00,,Y,A,-,Y,INY,9,168,-,-,17.930,I,5,W,N,3,0,1,2,A,-,09,21453,C,N,H,C,A,A,H,-,A,A,0,,,,,Y,,M,94,0,1,0,0,0,0,0,0,0,"- ","- ",37.361351013183594,-118.4073486328125,INYO,BISHOP,-118.40238952636719,37.361412048339844
9539354,2022,2023-01-18,1401,2022-08-28,0655,1516,0100,7,5,2,1401,0,0,0,,0,,"LAGOON ST","FULTON ST",0.00,,Y,A,-,N,,,,,,,,,,Y,2,0,1,1,A,-,01,23152,A,N,F,I,A,A,H,-,A,D,0,,,,,Y,Y,A,07,1,0,0,0,0,0,0,0,0,"- ","- ",,,INYO,BISHOP,-118.39937591552734,37.359817504882812
9548556,2022,2023-02-22,1401,2022-11-29,1640,1516,0100,2,5,2,1401,0,0,0,,0,,"RT 395","HORACE ALBRIGHT",48.00,N,N,A,-,Y,INY,9,395,-,-,115.840,H,-,S,N,3,0,1,2,A,-,03,22350,,N,G,B,E,A,H,-,A,D,0,Y,,,,Y,,A,01,0,1,0,0,1,0,0,0,0,"- ","- ",37.368080139160156,-118.39433288574219,INYO,BISHOP,-118.3953857421875,37.367813110351562
9554998,2023,2023-03-24,1401,2023-02-07,"400 ",455,1401,2,5,2,1401,0,0,0,,0,CITY,"RT 395","HORACE ALBRIGHT AV",142.00,N,N,A,-,Y,INY,9,395,-,-,115.850,H,-,N,Y,3,0,1,1,A,-,03,22350,,N,A,I,A,A,H,-,C,D,0,,,,,Y,,A,07,0,1,0,0,0,0,0,0,0,"- ","- ",37.367771148681641,-118.39824676513672,INYO,BISHOP,-118.395263671875,37.367977142333984
9576516,2023,2023-05-18,1401,2023-03-05,1129,626,0100,7,5,2,1401,0,0,0,,0,,"RT 395","MACIVER ST",162.00,N,N,A,-,Y,INY,9,395,-,-,116.100,H,-,N,N,4,0,1,2,A,-,09,21804,A,N,D,C,A,A,H,-,A,D,0,,,,,Y,,A,08,0,0,1,0,0,0,0,0,0,"- ","- ",37.371379852294922,-118.39534759521484,INYO,BISHOP,-118.39529418945312,37.371871948242188
9584178,2023,2023-05-17,1401,2023-03-17,1645,1468,100,5,5,2,1401,0,0,0,,0,,"EAST LINE ST","MOFFETT DR",0.00,,Y,A,-,N,,,,,,,,,,N,3,0,1,2,A,-,11,21954,A,N,G,B,D,A,H,-,A,D,0,Y,,,,Y,,N,60,0,1,0,0,1,0,0,0,0,"- ","- ",37.361221313476562,-118.39016723632812,INYO,BISHOP,-118.38999938964844,37.361465454101562
9592748,2023,2023-07-05,1401,2023-06-11,1128,489,100,7,5,2,1401,0,0,0,,0,0100,"WARREN ST","LINE ST",0.00,,Y,A,-,N,,,,,,,,,,N,3,0,1,2,A,-,09,21802,A,N,D,C,A,A,H,-,A,A,0,,,,,Y,,A,01,0,1,0,0,0,0,0,0,0,"- ","- ",37.361560821533203,-118.39643859863281,INYO,BISHOP,-118.39626312255859,37.361392974853516
9592928,2023,2023-08-18,1401,2023-05-23,1549,489,0100,2,5,2,1401,0,0,0,,0,,"N FOWLER ST","CHURCH ST",90.00,N,N,A,-,N,,,,,,,,,,N,3,0,4,2,A,-,21,22106,,N,A,C,A,A,H,-,A,D,0,,,,,Y,,A,07,0,4,0,0,0,0,0,0,0,"- ","- ",37.363079071044922,-118.3992919921875,INYO,BISHOP,-118.39820098876953,37.36236572265625
9601172,2023,2023-08-18,1401,2023-06-26,2133,608,0100,1,5,2,1401,0,0,0,,0,,"RT 6","WYE RD",0.00,,Y,A,-,Y,INY,9,6,-,-,0.130,I,5,N,Y,2,0,1,2,A,-,08,22100,5,N,D,C,A,A,H,-,C,D,0,,,Y,,Y,,A,07,1,0,0,0,0,0,0,0,1,"- ","- ",37.375801086425781,-118.39534759521484,INYO,BISHOP,-118.39534759521484,37.375862121582031
9621613,2023,2023-10-10,1401,2023-08-25,1551,489,0100,5,5,2,1401,0,0,0,,0,,"NORTH MAIN","E ELM ST",30.00,N,N,A,-,Y,INY,9,395,-,-,115.720,H,-,S,N,4,0,1,2,A,-,03,22350,,N,C,C,A,A,H,-,A,A,0,,,,,Y,,D,22,0,0,1,0,0,0,0,0,0,"- ","- ",37.365829467773438,-118.39376068115234,INYO,BISHOP,-118.39539337158203,37.365970611572266
9648899,2023,2024-03-08,1401,2023-11-06,1216,1468,100,1,5,2,1401,0,0,0,,0,,"RT 168","N WARREN ST",8.00,W,N,A,G,Y,INY,9,168,-,-,18.270,I,5,W,N,3,0,2,3,A,-,10,21950,A,N,G,B,B,A,H,-,A,D,0,Y,,,,Y,,D,22,0,2,0,0,2,0,0,0,0,"- ","- ",37.361560821533203,-118.39643859863281,INYO,BISHOP,-118.39626312255859,37.361438751220703
9648917,2023,2024-02-23,1401,2023-09-26,"950 ",455,1401,2,5,2,1401,0,0,0,,0,CITY,"RT 395","W ELM ST",60.00,S,N,A,-,Y,INY,9,395,-,-,115.650,H,-,N,Y,4,0,1,1,A,-,01,23152,B,N,A,I,A,A,H,-,A,D,0,,,,,Y,Y,D,22,0,0,1,0,0,0,0,0,0,"- ","- ",37.365268707275391,-118.39495849609375,INYO,BISHOP,-118.39532470703125,37.365135192871094
9679506,2024,2024-04-05,1401,2024-01-18,1940,608,100,4,5,2,1401,0,0,0,,0,,"RT 395","EAST LINE ST",51.00,N,N,A,-,Y,INY,9,395,-,-,115.410,H,-,N,N,3,0,1,2,A,-,05,21651,B,N,A,G,A,A,H,-,C,D,0,,Y,,,Y,Y,L,04,0,1,0,0,0,0,1,0,0,"- ","- ",37.373908996582031,-118.39195251464844,INYO,BISHOP,-118.39529418945312,37.361515045166016
9679524,2023,2024-04-26,1401,2023-12-21,1127,1431,0100,4,5,2,1401,0,0,0,,0,,"NORTH MAIN","E ELM ST",212.00,N,N,B,C,Y,INY,9,395,-,-,115.750,H,-,N,N,4,0,1,2,A,-,05,21650,,N,H,G,A,B,H,-,A,D,0,,Y,,,Y,,L,04,0,0,1,0,0,0,1,0,0,"- ","- ",,,INYO,BISHOP,-118.39527893066406,37.366424560546875
9679532,2023,2024-04-26,1401,2023-12-08,1340,485,100,5,5,2,1401,0,0,0,,0,,"RT 6","WYE RD",0.00,,Y,A,-,Y,INY,9,6,-,-,0.130,I,5,S,N,3,0,1,2,A,-,12,22450,,N,D,C,A,A,H,-,A,A,0,,,,,Y,,A,01,0,1,0,0,0,0,0,0,0,"- ","- ",37.375801086425781,-118.39534759521484,INYO,BISHOP,-118.39534759521484,37.375862121582031
9702313,2024,2024-07-18,1401,2024-06-01,"755 ",489,,6,5,2,1401,0,0,0,,0,,"NORTH MAIN","E ELM ST",289.00,N,N,A,-,Y,INY,9,395,-,-,115.766,H,-,S,N,4,0,2,2,A,-,09,21804,A,N,D,C,A,A,H,-,A,D,0,,,,,Y,,A,07,0,0,2,0,0,0,0,0,0,"- ","- ",37.368080139160156,-118.39433288574219,INYO,BISHOP,-118.39539337158203,37.366672515869141
9705121,2024,2024-07-01,1401,2024-05-24,1441,608,100,5,5,2,1401,0,0,0,,0,,"S FOWLER ST","LAGOON ST",147.00,N,N,A,-,N,,,,,,,,,,N,3,0,1,2,A,-,09,21804,A,N,H,G,A,A,H,-,A,D,0,,Y,,,Y,,L,04,0,1,0,0,0,0,1,0,0,"- ","- ",37.361381530761719,-118.39817810058594,INYO,BISHOP,-118.39822387695312,37.360244750976562
9726603,2024,2024-10-10,1401,2024-04-19,2309,1468,100,5,5,2,1401,0,0,0,,0,CITY,"NORTH MAIN","E ELM ST",0.00,,N,A,-,Y,INY,9,395,-,-,115.750,H,-,S,N,2,0,1,2,A,-,01,23152,A,N,D,C,A,A,H,-,C,D,0,,,Y,Y,Y,Y,C,03,1,0,0,0,0,0,0,0,1,"- ","- ",37.366100311279297,-118.39595794677734,INYO,BISHOP,-118.39539337158203,37.366428375244141
9755716,2024,2024-11-20,1401,2024-10-20,1806,489,100,7,5,2,1401,0,0,0,,0,,"LINE ST","3RD ST",140.00,E,N,A,-,N,,,,,,,,,,N,2,0,1,2,A,-,09,21804,A,N,D,G,A,A,H,-,B,D,0,,Y,,,Y,,L,04,1,0,0,0,0,0,1,0,0,"- ","- ",37.361499786376953,-118.39138793945312,INYO,BISHOP,-118.39087677001953,37.361484527587891
9755824,2024,2024-11-22,1401,2024-08-19,1431,626,0100,1,5,2,1401,0,0,0,,0,,"WEST SOUTH ST","SOUTH FOWLER ST",0.00,,Y,A,-,N,,,,,,,,,,N,3,0,1,2,A,-,09,21801,,N,D,C,A,A,H,-,A,D,0,,,,,Y,,A,01,0,1,0,0,0,0,0,0,0,"- ","- ",37.35858154296875,-118.398193359375,INYO,BISHOP,-118.39817047119141,37.358623504638672
9755851,2024,2024-11-21,1401,2024-07-05,"850 ",1620,100,5,5,2,1401,0,0,0,,0,,"E YANEY","HANBY AV",33.00,W,N,A,-,N,,,,,,,,,,Y,3,0,1,1,A,-,08,22107,,M,A,I,A,A,H,-,A,D,0,,,,,Y,Y,A,01,0,1,0,0,0,0,0,0,0,"- ","- ",37.369621276855469,-118.39076232910156,INYO,BISHOP,-118.38880157470703,37.369609832763672
9756083,2024,2024-12-12,1401,2024-09-13,1517,1431,100,5,5,2,1401,0,0,0,,0,,"WYE RD","RT 6",0.00,,Y,A,-,Y,INY,9,6,-,-,0.130,I,5,N,Y,3,0,3,3,A,-,09,21802,A,N,D,C,A,A,H,-,A,A,0,,,,,Y,,D,22,0,1,2,0,0,0,0,0,0,"- ","- ",37.375801086425781,-118.39534759521484,INYO,BISHOP,-118.39534759521484,37.375862121582031
9756087,2024,2024-12-18,1401,2024-09-18,1029,1623,100,3,5,2,1401,0,0,0,,0,,"NORTH MAIN","SIERRA ST",0.00,,Y,A,-,Y,INY,9,395,-,-,116.020,I,5,S,Y,3,0,1,2,A,-,09,21804,A,N,D,C,A,A,H,-,A,A,0,,,,,Y,,A,01,0,1,0,0,0,0,0,0,0,"- ","- ",37.370410919189453,-118.39534759521484,INYO,BISHOP,-118.39539337158203,37.370429992675781
9756095,2024,2024-12-12,1401,2024-10-19,1502,1620,100,6,5,2,1401,0,0,0,,0,,"W LINE ST","HOME ST",6.00,W,N,A,-,Y,INY,9,168,-,-,17.660,I,5,W,N,4,0,1,2,A,-,05,21650,,N,B,G,A,A,H,-,A,A,0,,Y,,,Y,,L,04,0,0,1,0,0,0,1,0,0,"- ","- ",37.361351013183594,-118.4073486328125,INYO,BISHOP,-118.40739440917969,37.361366271972656
9770256,2024,2025-02-12,1401,2024-11-26,1227,626,,2,5,2,1401,0,0,0,,0,,"RT 395","RT 6",0.00,,Y,B,C,Y,INY,9,6,-,-,0.000,I,6,N,N,3,0,2,2,A,-,12,21453,A,N,D,C,A,B,H,-,A,A,0,,,,Y,Y,,D,22,0,2,0,0,0,0,0,0,0,"- ","- ",37.375801086425781,-118.39534759521484,INYO,BISHOP,-118.39557647705078,37.374111175537109
9793305,2024,2025-03-17,1401,2024-12-13,1520,1623,100,5,5,2,1401,0,0,0,,0,,"HANBY AV","WILLOW ST",0.00,,Y,A,-,N,,,,,,,,,,N,3,0,1,2,A,-,21,22106,,F,C,C,E,A,H,-,B,D,0,Y,,,,Y,,-,99,0,1,0,0,1,0,0,0,0,"- ","- ",37.362728118896484,-118.38896179199219,INYO,BISHOP,-118.38812255859375,37.362888336181641
9803667,2025,2025-05-09,1401,2025-02-28,1700,485,,5,5,2,1401,0,0,0,,0,,"RT 395","MACIVER ST",2.00,W,N,A,-,Y,INY,9,395,-,-,116.070,I,6,N,N,4,0,1,2,A,-,00,21650,G,M,D,G,A,A,H,-,A,D,0,,Y,,,Y,,L,04,0,0,1,0,0,0,1,0,0,"- ","- ",37.371379852294922,-118.39534759521484,INYO,BISHOP,-118.39529418945312,37.37139892578125
9814385,2025,2025-06-27,1401,2025-05-02,1400,1623,100,5,5,2,1401,0,0,0,,0,,"MAIN ST","MAY ST",0.00,,Y,A,-,N,,,,,,,,,,N,3,0,1,2,D,-,00,,,N,D,G,A,A,H,-,A,D,0,,Y,,,Y,,-,"- ",0,1,0,0,0,0,1,0,0,"- ","- ",37.36199951171875,-118.39499664306641,INYO,BISHOP,-118.39528656005859,37.363571166992188
9828814,2025,2025-07-25,1401,2025-06-19,1005,1431,,4,5,2,1401,0,0,0,,0,,"W LINE ST","HOME ST",30.00,E,N,A,-,Y,INY,9,168,-,-,17.950,H,-,W,N,3,0,1,2,A,-,03,22350,,N,C,C,A,A,H,-,A,A,0,,,,,Y,,A,07,0,1,0,0,0,0,0,0,0,"- ","- ",,,INYO,BISHOP,-118.40215301513672,37.361412048339844
9833595,2025,2025-07-23,1401,2025-06-14,1008,1431,,6,5,2,1401,0,0,0,,0,,"WARREN ST","W LINE ST",0.00,,Y,A,-,N,,,,,,,,,,N,3,0,2,2,A,-,09,21802,A,N,D,C,A,A,H,-,A,A,0,,,,,Y,,A,01,0,1,1,0,0,0,0,0,0,"- ","- ",,,INYO,BISHOP,-118.39626312255859,37.361392974853516
9866913,2025,2025-10-01,1401,2025-02-08,1926,608,0100,6,5,2,1401,0,0,0,,0,,"RT 395","WYE RD",25.00,S,N,A,-,Y,INY,9,395,-,-,116.380,H,-,N,Y,1,1,0,2,A,-,09,21804,,N,D,C,A,A,H,-,D,A,0,,,Y,,Y,,A,01,0,0,0,0,0,0,0,1,0,"- ","- ",37.37548828125,-118.39624786376953,INYO,BISHOP,-118.39714050292969,37.375545501708984
9870088,2025,2025-08-26,1401,2025-07-11,1816,1623,100,5,5,2,1401,0,0,0,,0,,"SIERRA ST","NORTH MAIN",0.00,,Y,A,-,N,,,,,,,,,,N,3,0,1,2,A,-,11,21954,A,M,G,B,D,A,H,-,A,D,0,Y,,,,Y,,N,60,0,1,0,0,1,0,0,0,0,"- ","- ",37.370948791503906,-118.39557647705078,INYO,BISHOP,-118.39528656005859,37.37042236328125
9879662,2025,2025-11-17,1401,2025-09-26,1417,1431,0100,5,5,2,1401,0,0,0,,0,,"N FOWLER ST","GROVE ST",0.00,,Y,A,-,N,,,,,,,,,,Y,2,0,1,2,A,-,09,21801,A,N,A,C,A,A,H,-,A,D,0,,,Y,,Y,,D,22,1,0,0,0,0,0,0,0,1,"- ","- ",37.364601135253906,-118.39823150634766,INYO,BISHOP,-118.398193359375,37.364616394042969
9887259,2025,2025-11-18,1401,2025-10-02,1758,626,100,4,5,2,1401,0,0,0,,0,,"MACIVER ST","SPRUCE ST",0.00,,Y,A,-,N,,,,,,,,,,N,3,0,2,2,A,-,10,21950,A,N,H,G,A,A,H,-,A,D,0,,Y,,,Y,,A,07,0,2,0,0,0,0,2,0,0,"- ","- ",,,INYO,BISHOP,-118.39054870605469,37.371410369873047
9897515,2025,2026-01-21,1401,2025-12-04,1630,1431,100,4,5,2,1401,0,0,0,,0,,"N 3RD ST","WILLOW ST",0.00,,Y,A,-,N,,,,,,,,,,N,3,0,1,2,A,-,12,22450,A,N,D,C,A,A,H,-,A,A,0,,,Y,,Y,,C,02,0,1,0,0,0,0,0,0,1,"- ","- ",37.362869262695312,-118.39138793945312,INYO,BISHOP,-118.39141082763672,37.362850189208984
9898947,2025,2026-02-06,1401,2025-12-27,1428,1468,0100,6,5,2,1401,0,0,0,,0,,"RT 168","S FOWLER ST",20.00,E,N,A,-,Y,INY,9,168,-,-,18.160,I,5,E,N,3,0,1,2,A,-,12,21453,A,N,D,G,A,A,H,-,A,A,0,,Y,,,Y,,L,04,0,1,0,0,0,0,1,0,0,"- ","- ",37.361381530761719,-118.39817810058594,INYO,BISHOP,-118.39820098876953,37.361351013183594
9903010,2025,2026-01-30,1401,2025-12-11,1934,1468,0100,4,5,2,1401,0,0,0,,0,,"RT 395","SHORT ST",19.00,S,N,A,-,Y,INY,9,395,-,-,115.340,I,5,N,N,3,0,1,2,A,-,09,21801,A,N,D,C,A,A,H,-,C,D,0,,,,,Y,Y,A,01,0,1,0,0,0,0,0,0,0,"- ","- ",37.360511779785156,-118.39521789550781,INYO,BISHOP,-118.39525604248047,37.360507965087891
9903014,2025,2026-01-30,1401,2025-12-28,1409,608,100,7,5,2,1401,0,0,0,,0,,"RT 395","MAY ST",0.00,,Y,A,-,Y,INY,9,395,-,-,115.550,I,6,N,N,4,0,1,2,A,-,09,21804,A,N,D,G,A,A,H,-,A,D,0,,Y,,,Y,,L,04,0,0,1,0,0,0,1,0,0,"- ","- ",37.363559722900391,-118.39527893066406,INYO,BISHOP,-118.39530944824219,37.363567352294922